{"cameraMode":{"drawMode":0,"name":"Shaded","section":"Shading Mode"},"sceneLighting":true,"audioPlay":false,"sceneViewState":{"m_AlwaysRefresh":false,"showFog":true,"showSkybox":true,"showFlares":true,"showImageEffects":true,"showParticleSystems":true,"showVisualEffectGraphs":true,"m_FxEnabled":true},"in2DMode":false,"pivot":{"x":12.00487995147705,"y":8.677791595458985,"z":-8.409135818481446},"rotation":{"x":0.008312094025313855,"y":0.9678052663803101,"z":-0.2495042383670807,"w":0.03224082291126251},"size":1.5908945798873902,"orthographic":false}